"id","title","image","description","status","date_from","date_to","stock_available","fsmstate","generator","auth_supplier","auth_distributor","auth_sequence","fsmstate_ant","user","timestamp","date","list_price","selling_price","product_list_price_header_2_date_from","product_list_price_header_2_date_to","minimum_products_quantity_gral","maximum_products_quantity_gral","maximum_offers_quantity_per_vendor","audio","bonus_discount_suboffer_range_criteria","list_price_update_mode","category_id","enterprise_distributor_id","enterprise_supplier_id","product_list_price_header_id","product_list_price_header_2_id","cash_discount_percentaje"
61,TOTAL FULL + LONA PLAYERA,offers/scaled_Holliday_total-full-900x675px.jpg,Holliday: TOTAL FULL + LONA PLAYERA,1,2025-01-09 00:00:00.000 -0300,2025-07-07 23:59:00.000 -0300,44,vendor,distributor,2025-01-30 09:25:58.536 -0300,2025-07-07 09:10:39.448 -0300,20,distributor,"",2025-07-07 09:10:39.448 -0300,2025-01-09,0.00,0.00,,,30,99999999,10,"",2,2,1,3,8,1,,12
2,Brouwer PRUEBA,offers/scaled_dfv-labyes-promo_ofalmo.jpg,Promo Brouwer de prueba,1,2024-07-01 00:00:00.000 -0300,2024-07-01 23:59:00.000 -0300,983,supplier,supplier,2024-08-21 17:44:08.359 -0300,2024-08-21 17:45:27.635 -0300,17,distributor,lab01@gmail.com,2024-08-22 21:37:08.985 -0300,2024-04-03,0.00,0.00,,,10,200,900,"",2,2,1,3,9,3,,0
1,Promo Integhra 01,offers/scaled_integhra-oferta-01.jpg,Esta es una promo de prueba 01,1,2024-02-09 00:00:00.000 -0300,2025-05-05 23:59:00.000 -0300,9998,vendor,supplier,2024-02-11 11:13:11.000 -0300,2024-02-11 11:14:31.000 -0300,2,distributor,lab01@gmail.com,2024-04-06 18:49:44.931 -0300,2024-02-09,0.00,0.00,,,5,100,999,"",2,2,1,6,5,2,,0
6,Dynamide (1+1),offers/scaled_DYNAMIDE.jpg,Dynamide (1+1),1,2024-07-15 00:00:00.000 -0300,2024-07-15 23:59:00.000 -0300,1000,initial_supplier,supplier,1899-12-31 19:43:12.000 -0416,1899-12-31 19:43:12.000 -0416,1,"","",2024-07-23 20:58:57.504 -0300,2024-07-15,0.00,0.00,,,2,200,10,"",2,2,1,3,9,3,,0
60,Pets Protect + OBSEQUIOS,offers/scaled_1000084257.jpg,Pets Protect + Auriculares inalambricos + Power Bank,1,2024-12-20 00:00:00.000 -0300,2025-04-07 23:59:00.000 -0300,80,distributor,distributor,2025-02-17 09:42:12.593 -0300,2025-02-27 12:23:47.176 -0300,12,vendor,"",2025-02-28 15:59:59.546 -0300,2024-12-20,0.00,0.00,,,10,99999999,99999999,"",2,2,1,3,19,6,,12
56,"Surtidas Power ultra, Artin, Meltra + Regalos",offers/scaled_Brouwer_of_dic.jpg,"Surtidas Power ultra, Artin, Meltra ",1,2024-12-30 00:00:00.000 -0300,2025-01-01 23:59:00.000 -0300,91,distributor,supplier,2024-12-13 12:10:24.493 -0300,2024-12-26 12:30:25.771 -0300,5,vendor,"",2025-01-02 17:45:50.260 -0300,2024-12-13,0.00,0.00,,,20,99999999,99999999,"",2,2,1,3,9,3,,0
5,Artrin Plus (3+2),offers/scaled_Artrin_y_artrin_plus.jpg,Artrin Plus (3+2),1,2024-07-15 00:00:00.000 -0300,2024-07-15 23:59:00.000 -0300,1000,initial_supplier,supplier,1899-12-31 19:43:12.000 -0416,1899-12-31 19:43:12.000 -0416,1,"","",2024-07-23 20:58:31.165 -0300,2024-07-15,0.00,0.00,,,5,200,10,"",2,2,1,3,9,3,,0
80,"60 un. POWER GOLD 1 MES + CÁMARA ",offers/scaled_Brouwer-camara-gadnic-III.jpg,"",1,2025-05-13 00:00:00.000 -0300,2025-11-17 23:59:00.000 -0300,998,distributor,distributor,2025-10-07 10:45:19.203 -0300,2025-10-07 10:45:50.373 -0300,29,vendor,"",2025-11-03 06:52:57.733 -0300,2025-05-13,0.00,0.00,,,0,99999999,10,"",2,2,1,3,9,4,,12
110,KONIG - PRIMAVERA,offers/scaled_KONIGFINAL_h4udx0j.jpg,"Compra surtida de: CIDAR, REPEXXIN, SERENEX, BASKEN HOSP.",1,2025-10-15 00:00:00.000 -0300,2026-01-30 23:59:00.000 -0300,99999999,vendor,distributor,2025-11-21 10:33:39.715 -0300,2025-11-21 10:34:04.561 -0300,3,distributor,"",2025-11-21 10:34:04.562 -0300,2025-11-21,0.00,0.00,,,25,99999999,99999999,"",2,2,1,3,1070,4,,12
25,Power (hasta 200% BM),offers/scaled_oferta-v001-Power_Mix-50_DnsDrR3.jpg,Power (Hasta 200% BM),1,2024-07-23 00:00:00.000 -0300,2024-09-08 23:59:00.000 -0300,9993,vendor,supplier,2024-08-23 06:39:44.882 -0300,2024-09-05 12:53:15.579 -0300,16,distributor,"",2024-09-12 19:40:08.710 -0300,2024-07-24,0.00,0.00,,,20,1000,1000,"",2,2,1,3,9,3,,0
4,PimoCard,offers/scaled_1000058572.png,"",1,2024-05-28 00:00:00.000 -0300,2024-06-04 23:59:00.000 -0300,10000,supplier,supplier,2024-05-28 17:50:05.502 -0300,2024-05-29 12:42:05.423 -0300,4,distributor,"",2024-05-29 12:42:05.428 -0300,2024-05-28,0.00,0.00,,,20,100000000,10,"",2,2,1,3,8,1,,0
3,Ecthol GMP,offers/scaled_1000058571.png,"",1,2024-05-28 00:00:00.000 -0300,2024-06-04 23:59:00.000 -0300,1000,supplier,supplier,2024-05-28 17:50:10.581 -0300,2024-05-29 12:42:10.986 -0300,4,distributor,"",2024-05-29 12:42:10.989 -0300,2024-05-28,0.00,0.00,,,40,999999,10,"",2,2,1,3,8,1,,0
52,"10 u. surtidas + Regalos exclusivos ",offers/scaled_1000080609.jpg,"Llevando 10u o más, accede a regalos y bonificaciones exclusivas",1,2024-11-19 00:00:00.000 -0300,2024-12-18 23:59:00.000 -0300,986,distributor,distributor,2024-11-26 16:55:22.875 -0300,2024-12-18 19:56:32.305 -0300,6,vendor,"",2024-12-19 10:23:24.975 -0300,2024-11-26,0.00,0.00,,,10,99999999,99999999,"",2,2,1,3,18,5,,0
50,PimoCard y Cardial B + Regalos,offers/scaled_1000077424.jpg,"Llevando más de 10u accede a bonificación y premios exclusivos como OFF, giftcard y pava matera",1,2024-11-05 00:00:00.000 -0300,2024-12-15 23:59:00.000 -0300,995,distributor,supplier,2024-11-12 11:56:31.088 -0300,2024-11-21 14:36:42.157 -0300,30,vendor,"",2024-12-16 10:02:53.290 -0300,2024-11-05,0.00,0.00,,,10,99999999,99999999,"",2,2,1,3,8,1,,0
39,Power Ultra 10+20 PRUEBA,offers/scaled_INTEGRHA_SEPTIEMBRE_2024_OFERTA_900_x_675px.jpg,Power Ultra 10+20,1,2024-09-10 00:00:00.000 -0300,2024-09-10 07:00:00.000 -0300,1000,initial_supplier,supplier,1899-12-31 19:43:12.000 -0416,1899-12-31 19:43:12.000 -0416,1,"","",2024-09-10 19:09:59.849 -0300,2024-09-10,0.00,0.00,,,10,99999999,10,"",2,2,1,3,9,3,,0
8,Power Ultra (10+20) - ANT,offers/scaled_Power_ultra.jpg,Power Ultra (10+20),1,2024-07-15 00:00:00.000 -0300,2024-07-15 23:59:00.000 -0300,1000,initial_supplier,supplier,1899-12-31 19:43:12.000 -0416,1899-12-31 19:43:12.000 -0416,1,"","",2024-07-23 20:59:26.769 -0300,2024-07-15,0.00,0.00,,,30,200,10,"",2,2,1,3,9,3,,0
36,Felocell 10+3 ,offers/scaled_1000070118.jpg,Felocell 10+3 (30%BM),1,2024-09-10 00:00:00.000 -0300,2024-10-07 23:59:00.000 -0300,1000,distributor,supplier,2024-09-11 10:43:51.225 -0300,2024-09-11 10:44:52.445 -0300,3,vendor,"",2024-09-11 17:12:18.791 -0300,2024-09-10,0.00,0.00,,,10,99999999,10,"",2,2,1,3,20,7,,0
44,Meloxivet + Regalos,offers/scaled_1000077427.jpg,"Con la compra mínima de 5u. obtene la bonificación máxima. A partir de 10u. te podés llevar Off, vinos trumpeter  y pava eléctrica.",1,2024-10-29 00:00:00.000 -0300,2024-12-01 23:59:00.000 -0300,994,distributor,supplier,2024-10-30 16:23:30.921 -0300,2024-11-21 14:39:50.352 -0300,16,vendor,"",2024-11-26 10:31:00.416 -0300,2024-10-29,0.00,0.00,,,5,99999999,99999999,"",2,2,1,3,18,5,,0
10,"2 feliway + 1 Adaptil",offers/scaled_Feromonas_spray.jpg,"2 feliway + 1 Adaptil (de REGALO)",1,2024-07-01 00:00:00.000 -0300,2024-07-01 23:59:00.000 -0300,1000,initial_supplier,supplier,1899-12-31 19:43:12.000 -0416,1899-12-31 19:43:12.000 -0416,1,"","",2024-07-18 09:54:16.312 -0300,2024-07-15,0.00,0.00,,,2,200,10,"",2,2,1,3,19,6,,0
11,"4 Doxivit + 1 Doxin",offers/scaled_Doxivit-ed002-50_knQgFCy.jpg,"4 Doxivit + 1 Doxin (de REGALO)",1,2024-07-15 00:00:00.000 -0300,2024-10-07 23:59:00.000 -0300,10000,distributor,supplier,2024-07-30 15:47:26.015 -0300,2024-07-30 15:48:06.023 -0300,3,vendor,"",2024-08-05 18:15:11.079 -0300,2024-07-15,0.00,0.00,,,4,1000,1000,"",2,2,1,3,19,6,,0
33,Power Ultra 10+20,offers/scaled_Integhra-PowerUltra.jpg,PowerUltra 10+20 200%BM ,1,2024-09-05 00:00:00.000 -0300,2024-10-07 23:59:00.000 -0300,10000,distributor,supplier,2024-09-10 19:12:12.492 -0300,2024-10-01 19:56:21.698 -0300,12,vendor,"",2024-10-01 19:58:00.488 -0300,2024-09-05,0.00,0.00,,,30,1000,1,"",2,2,1,3,9,3,,0
51,Ecthol GMP (300% BM),offers/scaled_1000078658.jpg,Ecthol GMP (300% BM),1,2024-11-12 00:00:00.000 -0300,2024-12-31 23:59:00.000 -0300,93,cancel_distributor,distributor,2024-11-12 11:31:43.558 -0300,2024-11-12 11:32:28.904 -0300,4,distributor,"",2024-11-26 17:08:54.134 -0300,2024-11-12,0.00,0.00,,,35,99999999,99999999,"",2,2,1,3,8,1,,0
71,Bagovac RABIA 45 + 5,offers/scaled_WhatsApp_Image_2025-03-10_at_9.50.55_AM.jpeg,LLevando 45 unidades recibís 5 unidades bonificadas de regalo.,1,2025-03-10 00:00:00.000 -0300,2025-03-17 23:59:00.000 -0300,1000,cancel_distributor,supplier,2025-03-10 10:39:34.790 -0300,2025-03-10 10:21:31.509 -0300,11,distributor,"",2025-03-10 10:53:08.638 -0300,2025-03-10,0.00,0.00,,,45,99999999,1000,"",2,2,1,3,945,9,,12
7,Power Gold (150% BM),offers/scaled_POWER_GOLD.jpg,Power Gold (150% BM),1,2024-07-15 00:00:00.000 -0300,2024-07-15 23:59:00.000 -0300,1000,initial_supplier,supplier,1899-12-31 19:43:12.000 -0416,1899-12-31 19:43:12.000 -0416,1,"","",2024-07-23 20:59:11.681 -0300,2024-07-15,0.00,0.00,,,1,200,10,"",2,2,1,3,9,3,,0
75,prueba,offers/scaled_1630604865918_10uZn90.jpg,.,1,2025-03-14 00:00:00.000 -0300,2025-03-21 23:59:00.000 -0300,100,cancel_distributor,supplier,2025-03-14 15:13:57.837 -0300,1899-12-31 19:43:12.000 -0416,2,distributor,"",2025-03-14 15:15:02.376 -0300,2025-03-14,0.00,0.00,,,0,99999999,100,"",2,2,1,3,8,1,,0
13,Trivermex (5+1),offers/scaled_Trivermex-ed002-50.jpg,Trivermex (5+1),1,2024-07-15 00:00:00.000 -0300,2024-09-07 23:59:00.000 -0300,1000,distributor,supplier,2024-07-30 15:47:31.808 -0300,2024-07-30 15:48:12.685 -0300,3,vendor,"",2024-08-05 18:16:05.325 -0300,2024-07-15,0.00,0.00,,,6,200,10,"",2,2,1,3,19,6,,0
111,PROMO TOTALFULL,offers/transfer_img_111.jpg,Generado desde App,3,2025-12-10 06:57:52.359 -0300,2025-12-31 21:00:00.000 -0300,1,"","",1899-12-31 19:43:12.000 -0416,1899-12-31 19:43:12.000 -0416,1,"","",2025-12-10 09:57:54.044 -0300,2025-12-10,0.00,0.00,1899-12-31 19:43:12.000 -0416,1899-12-31 19:43:12.000 -0416,0,0,0,"",2,2,1,3,8,1,,0
333,DOMINAL MAX - TEA PIPETAS,transfers/transfer_img_26.jpg, ,3,2025-12-12 12:51:31.955 -0300,2025-12-30 21:00:00.000 -0300,99999,created,migration_legacy,2025-12-01 15:33:30.216 -0300,2025-12-01 15:33:30.216 -0300,0,"",system_migration,2025-12-12 15:51:32.073 -0300,2025-12-01,0.00,0.00,,,0,0,0,"",0,0,1,3,1070,1,,0
57,"15 u. surtidas max 250% bm + Regalos",offers/scaled_holliday_of_dic.jpg,Holliday: Oferta 15u surtidas ,1,2024-12-13 00:00:00.000 -0300,2025-04-07 23:59:00.000 -0300,83,distributor,distributor,2025-01-16 16:25:17.664 -0300,2025-02-04 13:19:37.896 -0300,10,vendor,"",2025-02-10 10:08:50.172 -0300,2024-12-13,0.00,0.00,,,15,99999999,99999999,"",2,2,1,3,8,1,,12
106,CREDELIO - PROMOCIÓN TRANSFER,offers/scaled_transfers_credelio_Artboard_1_pCt7eoM.jpg,"Una vez realizado el pedido, es necesario gestionar el transfer con nuestros vendedores DFV, para recibir los regalos. Alcanzá 10 unidades surtidas de credelio para obtener tu Reloj Smartwatch o Vaso Térmico con sensor digital. ",1,2025-10-09 00:00:00.000 -0300,2025-10-31 23:59:00.000 -0300,100,initial_distributor,distributor,1899-12-31 19:43:12.000 -0416,1899-12-31 19:43:12.000 -0416,1,"","",2025-10-09 10:55:30.588 -0300,2025-10-09,0.00,0.00,,,10,99999999,10,"",2,2,1,3,1598,4,,12
22,Simparica (60% BM),offers/scaled_Simparica-JH-50.jpg,Simparica (60% BM),1,2024-07-17 00:00:00.000 -0300,2024-09-10 23:59:00.000 -0300,983,vendor,supplier,2024-08-15 20:10:39.050 -0300,2024-09-01 09:19:01.932 -0300,6,distributor,"",2024-09-10 19:57:43.059 -0300,2024-07-17,0.00,0.00,,,1,200,10,"",2,2,1,3,20,7,,0
32,Spinomax Duo + Mochila de regalo,offers/scaled_spinomax_duo-50_1.jpg,Comprando Spinomax Dúo te llevás una mochila de regalo,1,2024-08-09 00:00:00.000 -0300,2024-10-07 23:59:00.000 -0300,1000,distributor,distributor,2024-09-01 09:23:34.692 -0300,2024-09-01 09:29:17.853 -0300,13,vendor,"",2024-09-01 09:31:59.758 -0300,2024-08-09,0.00,0.00,,,10,1000,1,"",2,2,1,3,19,6,,0
108,r,offers/scaled_Integhra_pop_up_opter_NOV_600x800_v01_NWy3UAZ.jpg,r,1,2025-10-27 00:00:00.000 -0300,2025-10-28 23:59:00.000 -0300,4,cancel_supplier,supplier,2025-10-28 18:31:17.189 -0300,2025-10-28 18:33:18.349 -0300,3,supplier,"",2025-10-28 18:33:42.853 -0300,2025-10-28,0.00,0.00,,,4,44,4,"",2,2,1,3,9,3,,0
16,PimoCard 20 c. (120% BM),offers/scaled_oferta-v001-Pimocard_20-ed3-50.jpg,PimoCard 20 c. (120% BM),1,2024-08-01 00:00:00.000 -0300,2024-10-31 23:59:00.000 -0300,9997,distributor,supplier,2024-08-15 20:05:22.926 -0300,2024-10-07 20:01:13.234 -0300,9,vendor,"",2024-11-06 17:04:43.156 -0300,2024-07-15,0.00,0.00,,,1,1000,1000,"",2,2,1,3,8,1,,0
14,"1 Adaptil + 1 Refill",offers/scaled_Adaptil_difusor-ed002-50.jpg,"1 Adaptil difusor + 1 Refill (de REGALO)",1,2024-07-17 00:00:00.000 -0300,2024-09-08 23:59:00.000 -0300,998,vendor,supplier,2024-08-15 20:26:17.125 -0300,2024-08-15 20:28:20.760 -0300,10,distributor,"",2024-09-09 15:41:10.130 -0300,2024-07-15,0.00,0.00,,,1,1000,10,"",2,2,1,3,19,6,,0
17,PimoCard 100 c. (100% BM),offers/scaled_oferta-v001-Pimocard_100-ed3-50.jpg,"1 PimoCard 100 c. (100% BM) + 1 Pimocard 20 c. (SIN CARGO)",1,2024-08-01 00:00:00.000 -0300,2024-09-30 23:59:00.000 -0300,9994,distributor,supplier,2024-08-15 20:05:30.984 -0300,2024-10-07 20:01:19.622 -0300,7,vendor,"",2024-11-06 17:04:54.048 -0300,2024-07-15,0.00,0.00,,,1,1000,1000,"",2,2,1,3,8,1,,0
23,Apoquel (20% BM),offers/scaled_Apoquel-JH-50.jpg,Apoquel (20% BM),1,2024-07-17 00:00:00.000 -0300,2024-09-14 23:59:00.000 -0300,993,cancel_distributor,supplier,2024-08-15 20:10:29.283 -0300,2024-09-01 09:19:08.429 -0300,7,distributor,"",2024-09-11 11:15:08.784 -0300,2024-07-17,0.00,0.00,,,1,100,10,"",2,2,1,3,20,7,,0
101,as,offers/scaled_Artboard_2REPO-setert-de-viajeIII_1_oAcy8Ca.jpg,as,1,2025-09-09 00:00:00.000 -0300,2025-09-16 23:59:00.000 -0300,100,cancel_distributor,distributor,2025-09-09 10:39:45.407 -0300,2025-09-09 10:40:33.101 -0300,4,distributor,"",2025-09-09 10:43:07.997 -0300,2025-09-09,0.00,0.00,,,10,99999999,10,"",2,2,1,3,18,4,,12
40,Apoquel 5+1,offers/scaled_Apoquel_51_50.jpg,Apoquel 5+1(20% BM),1,2024-09-11 00:00:00.000 -0300,2024-10-07 23:59:00.000 -0300,1000,distributor,supplier,2024-09-11 11:13:55.580 -0300,2024-09-11 11:14:31.246 -0300,3,vendor,"",2024-09-11 17:12:12.439 -0300,2024-09-11,0.00,0.00,,,5,99999999,10,"",2,2,1,3,20,7,,0
37,Vanguard Plus 5L4CV,offers/scaled_1000070117.jpg,Vanguard plus 5 L4 CV (10+3) 30%BM,1,2024-09-10 00:00:00.000 -0300,2024-10-07 23:59:00.000 -0300,1000,distributor,supplier,2024-09-11 10:43:54.471 -0300,2024-09-11 10:44:57.231 -0300,3,vendor,"",2024-09-11 17:12:39.093 -0300,2024-09-10,0.00,0.00,,,10,99999999,10,"",2,2,1,3,20,7,,0
28,Barbitol (20 % BM),offers/scaled_barbitol_50.jpg,Barbitol (20 % BM),1,2024-08-05 00:00:00.000 -0300,2024-09-08 23:59:00.000 -0300,1000,vendor,supplier,2024-08-16 09:42:17.057 -0300,2024-08-16 09:42:42.955 -0300,9,distributor,"",2024-08-16 09:42:42.955 -0300,2024-08-05,0.00,0.00,,,1,1000,10,"",2,2,1,3,19,6,,0
48,"Apoquel, Vanguard Plus 5/L4 y Felocell + Regalos",offers/scaled_1000077429.jpg,"Llevando 25 unidades surtidas o más, accede a bonificaciones y premios exclusivos",1,2024-11-04 00:00:00.000 -0300,2024-12-15 23:59:00.000 -0300,973,distributor,supplier,2024-11-25 11:55:13.173 -0300,2024-11-25 11:55:52.529 -0300,17,vendor,"",2024-12-12 16:18:03.100 -0300,2024-11-04,0.00,0.00,,,25,99999999,99999999,"",2,2,1,3,20,7,,0
34,Silihepatic 2+1,offers/scaled_Integhra-Silihepatic.jpg,Silihepatic 2+1,1,2024-08-19 00:00:00.000 -0300,2024-10-07 23:59:00.000 -0300,1000,distributor,distributor,2024-09-08 19:15:32.331 -0300,2024-09-08 19:15:48.320 -0300,4,vendor,"",2024-09-12 20:18:09.521 -0300,2024-09-08,0.00,0.00,,,3,1000,10,"",2,2,1,3,18,5,,0
21,Block! spino (1+3),offers/scaled_DFV-oferta-v001-block-50_SKa9kGf.jpg,Block! spino (1+3),1,2024-07-17 00:00:00.000 -0300,2024-09-08 23:59:00.000 -0300,9997,vendor,supplier,2024-08-23 06:47:13.810 -0300,2024-08-23 06:48:03.876 -0300,10,distributor,"",2024-09-06 12:37:23.664 -0300,2024-07-17,0.00,0.00,,,20,1000,1000,"",2,2,1,3,18,5,,0
29,Trivermex (20 % BM),offers/scaled_trivermex_50.jpg,Trivermex (20 % BM),1,2024-08-05 00:00:00.000 -0300,2024-09-08 23:59:00.000 -0300,1000,vendor,supplier,2024-08-15 20:24:39.652 -0300,2024-08-15 20:27:10.097 -0300,5,distributor,"",2024-08-15 20:27:10.097 -0300,2024-08-05,0.00,0.00,,,1,1000,10,"",2,2,1,3,19,6,,0
20,Ursoliv + Meloxivet ,offers/scaled_Ursoliv-Meloxivet-50.jpg,Ursoliv + Meloxivet ,1,2024-07-17 00:00:00.000 -0300,2024-09-08 23:59:00.000 -0300,9999,vendor,supplier,2024-08-15 19:59:23.300 -0300,2024-08-15 20:10:44.266 -0300,5,distributor,"",2024-09-09 08:50:18.889 -0300,2024-07-17,0.00,0.00,,,1,1000,1000,"",2,2,1,3,18,5,,0
98,Display CIDAR + SMARTWATCH ,offers/scaled_KONIG_Display_Cidarlast.jpg,Llevá obsequios como VINO CATENA ZAPATA y RELOJ SMARTWATCH FIT 2 con la compra de DISPLAY CIDAR.,1,2025-07-18 00:00:00.000 -0300,2025-11-17 23:59:00.000 -0300,97,distributor,distributor,2025-11-03 10:26:22.661 -0300,2025-11-03 10:26:43.316 -0300,32,vendor,"",2025-11-03 10:29:30.967 -0300,2025-07-18,0.00,0.00,,,1,99999999,100,"",2,2,1,3,1070,4,,12
45,"18 u. surtidas + Regalos",offers/scaled_1000077423.jpg,"Brouwer: Llevando desde 18u surtidas de Fenobarbital, Hialurnia, Dexaflox, Ocuflox, Opter, Dermomax y Acederm, accede a bonificaciones y obsequios exclusivos.",1,2024-11-04 00:00:00.000 -0300,2025-02-02 23:59:00.000 -0300,974,distributor,supplier,2024-11-19 10:32:19.801 -0300,2024-12-26 12:36:43.016 -0300,21,vendor,"",2025-01-30 13:06:58.316 -0300,2024-10-29,0.00,0.00,,,18,99999999,99999999,"",2,2,1,3,9,3,,0
9,"2 Prednovet + 1 Algicam",offers/scaled_Prednovet-ed002-50.jpg,"2 Prednovet + 1 Algicam Pets Iny 50ml (de REGALO)",1,2024-07-15 00:00:00.000 -0300,2024-09-07 23:59:00.000 -0300,10000,distributor,supplier,2024-07-30 15:47:19.763 -0300,2024-07-30 15:47:59.903 -0300,3,vendor,"",2024-08-05 18:15:49.419 -0300,2024-07-15,0.00,0.00,,,2,1000,1000,"",2,2,1,3,19,6,,0
18,Feliway y Adaptil (20% BM),offers/scaled_DFV-Feromonas_spray-ed002-50-50.jpg,Feliway y Adaptil (20% BM),1,2024-07-17 00:00:00.000 -0300,2024-09-07 23:59:00.000 -0300,1000,distributor,supplier,2024-07-30 15:37:59.995 -0300,2024-07-30 15:47:53.649 -0300,3,vendor,"",2024-08-05 18:16:18.059 -0300,2024-07-17,0.00,0.00,,,1,100,10,"",2,2,1,3,19,6,,0
59,Feromonas + OBSEQUIOS ,offers/scaled_Ceva_feliway_of_dic.jpg,Ceva: Promo FEROMONAS + OBSEQUIOS ,1,2024-12-19 00:00:00.000 -0300,2025-04-07 23:59:00.000 -0300,9,cancel_distributor,distributor,2025-01-23 14:02:46.897 -0300,2025-02-27 12:16:00.212 -0300,10,distributor,"",2025-03-26 14:46:35.649 -0300,2024-12-19,0.00,0.00,,,10,99999999,99999999,"",2,2,1,3,19,6,,12
55,Promo Parlante JBL,offers/scaled_oferta_parlante.jpg,"Biogenesis Bago: Canigen, Feligen, Bagovac, Osurnia + Parlante JBL",1,2024-12-01 00:00:00.000 -0300,2025-04-07 23:59:00.000 -0300,9,distributor,supplier,2024-12-27 10:33:04.491 -0300,2024-12-27 14:30:04.364 -0300,32,vendor,"",2025-02-17 11:22:46.814 -0300,2024-11-29,0.00,0.00,,,210,99999999,99999999,"",2,2,1,3,945,9,,0
109,LABYES - Primavera,offers/scaled_LABYESFINAL_C77RHMN.jpg,Compra surtida de: Feline Fullspot - Crema 6A - Gerioox- Trihepat - Osteocart - Labyderm,1,2025-11-03 00:00:00.000 -0300,2026-01-30 23:59:00.000 -0300,48,vendor,distributor,2025-10-31 19:06:50.559 -0300,2025-10-31 21:18:17.322 -0300,4,distributor,"",2025-12-02 07:56:54.504 -0300,2025-10-31,0.00,0.00,,,60,99999999,5,"",2,2,1,3,1599,4,,12
54,Promo Termo waterdog,offers/scaled_Oferta_termo_1_0crCdQG.jpg,"Biogenesis Bago: Canigen, Feligen, Bagovac, Osurnia + Termo WATERDOG",1,2024-12-01 00:00:00.000 -0300,2025-04-07 23:59:00.000 -0300,9,distributor,supplier,2024-12-27 10:32:34.565 -0300,2025-02-24 12:14:09.464 -0300,22,vendor,"",2025-02-27 09:49:02.570 -0300,2024-11-26,0.00,0.00,,,150,99999999,99999999,"",2,2,1,3,945,9,,0
69,SOSTEN CG - MOXIDEX PLUS - NOGASTROL 10MG - TOLTRAZOL PLUS,offers/scaled_WhatsApp_Image_2025-02-27_at_4.10.03_PM.jpeg,Comprando 7 unidades de cada producto te llevas un TERMO WATERDOG DE 1LT + MATE ACERO INOXIDABLE + BOMBILLA + 3 NROS SORTEO 0KM,1,2025-02-27 00:00:00.000 -0300,2025-04-07 23:59:00.000 -0300,1000,distributor,distributor,2025-03-10 10:03:24.696 -0300,2025-03-10 10:53:29.333 -0300,11,vendor,"",2025-03-10 14:02:30.051 -0300,2025-02-27,0.00,0.00,,,0,99999999,10000,"",2,2,1,3,945,9,,12
81,"100 Un. POWER COMP. + CÁMARA",offers/scaled_Brouwer-camara-gadnic-II.jpg,"",1,2025-09-26 00:00:00.000 -0300,2025-11-17 23:59:00.000 -0300,974,distributor,distributor,2025-09-09 13:36:02.481 -0300,2025-11-03 06:52:33.703 -0300,33,vendor,"",2025-11-03 06:52:41.824 -0300,2025-05-13,0.00,0.00,,,0,99999999,10,"",2,2,1,3,9,4,,12
64,"25u. surtidas + REGALOS",offers/scaled_Brouwer-Fenobarbital_900x675.jpg,"25u. surtidas + REGALOS",1,2025-01-30 00:00:00.000 -0300,2025-04-07 23:59:00.000 -0300,92,distributor,distributor,2025-02-18 16:08:41.361 -0300,2025-03-06 12:15:13.279 -0300,15,vendor,"",2025-03-18 10:14:42.165 -0300,2025-01-30,0.00,0.00,,,25,99999999,10,"",2,2,1,3,9,3,,12
19,Ecthol GMP (300% BM),offers/scaled_oferta-v001-EchtolGMP-50_-_ed300.jpg,Ecthol GMP (300% BM),1,2024-08-01 00:00:00.000 -0300,2024-12-07 23:59:00.000 -0300,9993,cancel_distributor,supplier,2024-08-15 20:05:26.814 -0300,2024-10-07 20:01:25.502 -0300,15,distributor,"",2024-11-26 17:09:09.721 -0300,2024-07-17,0.00,0.00,,,1,1000,1000,"",2,2,1,3,8,1,,0
43,Oferta Inyectables + Regalos,offers/scaled_1000077599.jpg,"Llevando 12u. surtidas, 40%BM y un sacacorcho de regalo + 1 Off",1,2024-10-29 00:00:00.000 -0300,2024-12-01 23:59:00.000 -0300,989,distributor,supplier,2024-10-29 12:02:09.537 -0300,2024-11-12 15:27:48.522 -0300,7,vendor,"",2024-11-26 10:31:11.199 -0300,2024-10-29,0.00,0.00,,,12,99999999,99999999,"",2,2,1,3,18,5,,0
26,"1 Adaptil Calm Collar + 1",offers/scaled_adaptil_collar-50.jpg,"1 Adaptil Calm Collar + 1 (de REGALO)",1,2024-08-05 00:00:00.000 -0300,2024-09-08 23:59:00.000 -0300,998,vendor,supplier,2024-08-15 20:24:17.158 -0300,2024-08-15 20:25:00.148 -0300,7,distributor,"",2024-09-11 12:44:59.072 -0300,2024-08-05,0.00,0.00,,,1,1000,10,"",2,2,1,3,19,6,,0
12,"1 Feliway + 1 Refill",offers/scaled_Feliway_Difusor-ed002-50.jpg,"1 Feliway difusor + 1 Rrefill (de REGALO)",1,2024-07-17 00:00:00.000 -0300,2024-09-08 23:59:00.000 -0300,9999,vendor,supplier,2024-08-15 20:25:54.616 -0300,2024-08-15 20:27:57.059 -0300,8,distributor,"",2024-09-11 17:57:44.320 -0300,2024-07-15,0.00,0.00,,,1,1000,1000,"",2,2,1,3,19,6,,0
27,Algidol Duo (20 % BM),offers/scaled_algidol_duo_50.jpg,Algidol Duo (20 % BM),1,2024-08-05 00:00:00.000 -0300,2024-09-08 23:59:00.000 -0300,1000,vendor,supplier,2024-08-15 20:24:29.632 -0300,2024-08-15 20:26:41.538 -0300,5,distributor,"",2024-08-15 20:26:41.538 -0300,2024-08-05,0.00,0.00,,,1,1000,10,"",2,2,1,3,19,6,,0
107,ADVANTAGE/ADVANTIX - PROMOCIÓN TRANSFER,offers/scaled_transfers_credelio_Artboard_2.jpg,"Una vez realizado el pedido, es necesario gestionar el transfer con nuestros vendedores DFV, para recibir los regalos. Alcanzá 48 unidades surtidas de ADVANTAGE ó ADVANTIX para obtener tu reloj smartwatch ó vaso térmico con sensor digital. ",1,2025-10-09 00:00:00.000 -0300,2025-10-31 23:59:00.000 -0300,100,initial_distributor,distributor,1899-12-31 19:43:12.000 -0416,1899-12-31 19:43:12.000 -0416,1,"","",2025-10-09 10:57:56.699 -0300,2025-10-09,0.00,0.00,1899-12-31 19:43:12.000 -0416,1899-12-31 19:43:12.000 -0416,48,99999999,10,"",2,2,1,3,1598,4,,12
24,Simparica Apoquel Cytopoint,offers/scaled_DFV-oferta-v001-Zoetis_mix-50_pQFPUJM.jpg,Simparica + Apoquel + Cytopoint,1,2024-07-23 00:00:00.000 -0300,2024-09-08 23:59:00.000 -0300,9998,vendor,supplier,2024-08-15 20:16:47.522 -0300,2024-08-22 19:32:14.949 -0300,11,distributor,"",2024-09-12 13:07:26.397 -0300,2024-07-23,0.00,0.00,,,20,1000,1000,"",2,2,1,3,20,7,,0
35,Simpárica 3+1,offers/scaled_1000070116.jpg,Simpárica 3+1 (33%BM),1,2024-09-10 00:00:00.000 -0300,2024-10-07 23:59:00.000 -0300,1000,distributor,supplier,2024-09-11 10:43:47.726 -0300,2024-09-11 10:44:46.952 -0300,3,vendor,"",2024-09-11 17:12:24.848 -0300,2024-09-10,0.00,0.00,,,3,99999999,10,"",2,2,1,3,20,7,,0
38,Vanguard Plus 5/5L4,offers/scaled_1000070119.jpg,Vanguard Plus 5 / Plus 5 L4 (10+2) 20%BM,1,2024-09-10 00:00:00.000 -0300,2024-10-07 23:59:00.000 -0300,1000,distributor,supplier,2024-09-11 10:43:59.629 -0300,2024-09-11 10:45:02.698 -0300,3,vendor,"",2024-09-11 17:12:31.579 -0300,2024-09-10,0.00,0.00,,,10,99999999,10,"",2,2,1,3,20,7,,0
49,"Feliway, Adaptil y Full Hepatitis + Regalos ",offers/scaled_1000077419.jpg,"Llevando 12u o más accede a 20BM y a premios exclusivos, como vino Trumpeter, Mate acero inoxidable y Gift Card de 15.000",1,2024-11-05 00:00:00.000 -0300,2024-12-15 23:59:00.000 -0300,9,distributor,distributor,2024-11-05 12:20:55.457 -0300,2024-11-20 10:41:40.272 -0300,11,vendor,"",2024-12-16 10:06:01.746 -0300,2024-11-05,0.00,0.00,,,12,99999999,99999999,"",2,2,1,3,19,6,,0
46,"Acederm, Ocladerm y Dermomax + Regalos",offers/scaled_Portadas-promos-brouwer_900x675px.jpg,"Brouwer: Llevando 10u o más, hasta 80% BM + obsequios ",1,2024-10-29 00:00:00.000 -0300,2025-02-02 23:59:00.000 -0300,972,distributor,supplier,2025-01-30 14:54:56.254 -0300,2025-01-30 14:48:40.117 -0300,24,supplier,"",2025-01-30 14:59:50.352 -0300,2024-10-29,0.00,0.00,,,10,99999999,99999999,"",2,2,1,3,9,3,,12
86,CAMILLA BAGOVAC (100 Un.),offers/scaled_Promo-Bago-camilla-_1.jpg,"Si te comunicás con tu promotor de BIOGENESIS BAGÓ, y realizás tu pedido por ""TRANSFER"", podés obtener un: 12% BM EXTRA en BAGOVAC RABIA / 20% BM EXTRA en CANIGEN MHA2PPi / 40% BM EXTRA en FELIGEN Además de obtener la CAMILLA TRANSPORTADORA",1,2025-05-23 00:00:00.000 -0300,2025-05-31 23:59:00.000 -0300,999,vendor,distributor,2025-05-23 12:33:46.699 -0300,2025-05-28 12:48:44.710 -0300,6,distributor,"",2025-05-28 12:48:44.710 -0300,2025-05-23,0.00,0.00,,,100,10000,10,"",2,2,1,3,945,4,,12
78,Feliway y Adaptil + Cargador Portátil,offers/scaled_WhatsApp_Image_2025-03-26_at_2.59.20_PM.jpeg,"Alcanzando 20 unidades surtidas de las feromonas Feliway y Adaptil, llevá un Cargador Portátil + 5 Nros Sorteo 0km",1,2025-03-26 00:00:00.000 -0300,2025-05-28 23:59:00.000 -0300,9,vendor,distributor,2025-03-26 10:57:33.588 -0300,2025-05-05 10:14:06.488 -0300,4,distributor,"",2025-05-05 10:14:06.488 -0300,2025-03-26,0.00,0.00,,,20,99999999,1000,"",2,2,1,3,19,6,,12
93,asas,offers/scaled_Oltransflex-x15_6mOKJzg.jpg,asas,1,2025-06-27 00:00:00.000 -0300,2025-07-04 23:59:00.000 -0300,1000,cancel_distributor,distributor,2025-06-27 11:41:10.127 -0300,2025-06-27 11:41:46.228 -0300,4,distributor,"",2025-06-27 13:09:28.779 -0300,2025-06-27,0.00,0.00,,,120,99999999,100,"",2,2,1,3,18,4,,12
58,Apoquel + Vacunas y Obsequios,offers/scaled_zoetis-transfer-.jpg,Zoetis: Oferta Apoquel + Vacunas y Regalos,1,2025-03-26 00:00:00.000 -0300,2025-05-17 23:59:00.000 -0300,9,distributor,distributor,2025-05-14 10:55:55.698 -0300,2025-05-14 10:56:24.202 -0300,35,vendor,"",2025-05-16 10:25:02.074 -0300,2024-12-13,0.00,0.00,,,75,99999999,99999999,"",2,2,1,3,20,7,,12
83,"200 Un. POWER ULTRA + CÁMARA",offers/scaled_Brouwer-camara-gadnic_1.jpg,"",1,2025-05-13 00:00:00.000 -0300,2025-11-17 23:59:00.000 -0300,6,distributor,distributor,2025-09-12 11:01:40.338 -0300,2025-09-30 12:12:03.523 -0300,28,vendor,"",2025-11-03 06:52:49.788 -0300,2025-05-13,0.00,0.00,,,0,99999999,10,"",2,2,1,3,9,4,,12
102,Promo Biogenesis Bago,offers/scaled_Artboard_3Publicidad-biologicos_3.jpg,"Llevate un Parlante JBL, un Termo Waterdog de 1L o un Vaso Térmico Antivuelco Waterdog.  Y alcanzá más beneficios con DFV: Gift Cards de $15.000, vinos exclusivos y números para el sorteo del Auto 0KM.",1,2025-09-11 00:00:00.000 -0300,2025-09-18 23:59:00.000 -0300,100,distributor,distributor,2025-09-15 10:28:10.203 -0300,2025-09-12 12:25:52.365 -0300,11,supplier,"",2025-09-15 10:28:10.205 -0300,2025-09-11,0.00,0.00,,,0,99999999,10,"",2,2,1,3,945,4,,12
70,FEROMONAS - FELIWAY Y ADAPTIL,offers/scaled_Promo-Adaptil-y-Feliway-06-03-.jpg,Alcanza las maximas unidades surtidas y obtené el mejor precio llevando un SET DE VINOS + CATENA ZAPATA + NROS SORTEO 0KM,1,2025-03-06 00:00:00.000 -0300,2025-04-07 23:59:00.000 -0300,1000,distributor,distributor,2025-03-06 14:01:16.563 -0300,2025-03-06 14:03:01.611 -0300,8,vendor,"",2025-03-25 14:26:27.996 -0300,2025-03-06,0.00,0.00,,,5,99999999,10000,"",2,2,1,3,19,6,,12
62,Oferta Linea Block,offers/scaled_1000089907.jpg,Oferta Linea Block,1,2025-01-30 00:00:00.000 -0300,2025-04-07 23:59:00.000 -0300,95,distributor,distributor,2025-02-03 15:52:15.247 -0300,2025-02-04 14:46:07.260 -0300,8,vendor,"",2025-03-25 14:26:59.765 -0300,2025-01-30,0.00,0.00,,,35,99999999,10,"",2,2,1,3,18,5,,12
66,Power Gold 1 Mes ,offers/scaled_Brouwer-oferta-plancheta-actualizada.jpg,"LLevandote 75 uds de Power Gold 1 Mes, accedés a una Heladera Portátil Polarbox (Amarillo/Azul/Celeste). A partir de 100 uds alcanzá la Planchetta. Y En 145 uds, llevá la Heladera + Plancheta + Vino Catena Zapata + 14 Nros Sorteo 0km",1,2025-02-17 00:00:00.000 -0300,2025-06-21 23:59:00.000 -0300,981,distributor,distributor,2025-06-09 16:18:57.422 -0300,2025-06-09 16:19:18.248 -0300,37,vendor,"",2025-06-18 10:45:29.898 -0300,2025-02-17,0.00,0.00,,,25,99999999,1000,"",2,2,1,3,9,3,,12
313,SENIOLINE,transfers/transfer_img_42.jpg,Generado desde App,3,2025-12-03 08:04:16.168 -0300,2026-01-02 08:03:41.041 -0300,99999,created,migration_legacy,2025-12-03 11:04:17.387 -0300,2025-12-03 11:04:17.387 -0300,0,"",system_migration,2025-12-03 11:04:17.387 -0300,2025-12-03,0.00,0.00,,,0,0,0,"",0,0,1,3,18,1,,0
67,Basken Doble Hosp 60/40 mg - Nueva Presentación,offers/scaled_WhatsApp_Image_2025-04-09_at_11.58.32_AM.jpeg,"Antiparasitario interno para caninos de espectro total. Nueva presentacion del Basken Doble 60/40 mg, ahora en 60 comprimidos. Incluye sobres para venta por unidad.",1,2025-02-19 00:00:00.000 -0300,2025-05-26 23:59:00.000 -0300,998,distributor,distributor,2025-04-09 12:02:04.937 -0300,2025-05-05 10:19:02.486 -0300,16,vendor,"",2025-05-19 11:25:23.747 -0300,2025-02-19,0.00,0.00,,,2,99999999,1000,"",2,2,1,3,1070,10,,12
314,BIOCHIP,transfers/transfer_img_38.jpg,Generado desde App,3,2025-12-02 11:05:34.439 -0300,2026-01-30 21:00:00.000 -0300,99999,created,migration_legacy,2025-12-02 14:05:35.874 -0300,2025-12-02 14:05:35.874 -0300,0,"",system_migration,2025-12-02 14:05:35.874 -0300,2025-12-02,0.00,0.00,,,0,0,0,"",0,0,1,3,945,1,,0
79,Lanzamiento LIBRELA ,offers/scaled_librela-6-unidades-_1.jpg,Cómunicate con tu promotor de Zoetis,1,2025-10-15 00:00:00.000 -0300,2025-10-16 23:59:00.000 -0300,993,distributor,distributor,2025-06-06 13:36:01.386 -0300,2025-09-30 12:15:23.929 -0300,19,vendor,"",2025-10-17 14:41:09.480 -0300,2025-05-13,0.00,0.00,,,0,99999999,1,"",2,2,1,3,20,4,,12
74,prueba 2,offers/scaled_1630604865918_fxgApPq.jpg,jj,1,2025-03-14 00:00:00.000 -0300,2025-03-21 23:59:00.000 -0300,400,cancel_supplier,supplier,2025-03-14 13:44:42.480 -0300,2025-03-14 13:45:22.877 -0300,3,supplier,"",2025-03-14 13:46:34.596 -0300,2025-03-14,0.00,0.00,,,10,99999999,10,"",2,2,1,3,8,1,,1000
315,TRAMADOL,transfers/transfer_img_46.jpg,Generado desde App,3,2025-12-03 08:16:02.597 -0300,2026-01-02 08:15:32.302 -0300,99999,created,migration_legacy,2025-12-03 11:16:21.106 -0300,2025-12-03 11:16:21.106 -0300,0,"",system_migration,2025-12-03 11:16:21.106 -0300,2025-12-03,0.00,0.00,,,0,0,0,"",0,0,1,3,18,1,,0
316,TRANSFER PANTOLIV 4+2 y REGALO,transfers/transfer_img_5.jpg, ,2,2025-12-01 08:49:11.413 -0300,2025-12-02 21:00:00.000 -0300,99999,created,migration_legacy,2025-12-01 11:49:11.795 -0300,2025-12-01 11:49:11.795 -0300,0,"",system_migration,2025-12-01 11:49:11.795 -0300,2025-12-01,0.00,0.00,,,0,0,0,"",0,0,1,3,18,1,,0
317,TRANSFER TOLZURIL 2+1,transfers/transfer_img_6.jpg,Generado desde App,2,2025-12-01 08:49:19.764 -0300,2025-12-02 21:00:00.000 -0300,99999,created,migration_legacy,2025-12-01 11:49:19.984 -0300,2025-12-01 11:49:19.984 -0300,0,"",system_migration,2025-12-01 11:49:19.984 -0300,2025-12-01,0.00,0.00,,,0,0,0,"",0,0,1,3,18,1,,0
318,LABYDERM,transfers/transfer_img_31.jpg,Generado desde App,3,2025-12-01 12:48:14.731 -0300,2025-12-31 12:47:43.970 -0300,99999,created,migration_legacy,2025-12-01 15:48:16.229 -0300,2025-12-01 15:48:16.229 -0300,0,"",system_migration,2025-12-01 15:48:16.229 -0300,2025-12-01,0.00,0.00,,,0,0,0,"",0,0,1,3,1599,1,,0
319,TRANSFER CIDAR,transfers/transfer_img_1.jpg,Generado desde App,2,2025-12-01 11:41:15.255 -0300,2025-12-02 21:00:00.000 -0300,99999,created,migration_legacy,2025-12-01 14:41:15.601 -0300,2025-12-01 14:41:15.601 -0300,0,"",system_migration,2025-12-01 14:41:15.601 -0300,2025-12-01,0.00,0.00,,,0,0,0,"",0,0,1,3,1070,1,,0
320,TRANSFER KURADERM,transfers/transfer_img_14.jpg,Generado desde App,2,2025-12-01 11:41:25.988 -0300,2025-12-02 21:00:00.000 -0300,99999,created,migration_legacy,2025-12-01 14:41:26.164 -0300,2025-12-01 14:41:26.164 -0300,0,"",system_migration,2025-12-01 14:41:26.164 -0300,2025-12-01,0.00,0.00,,,0,0,0,"",0,0,1,3,1070,1,,0
321,TRANSFER COLLAR TEA,transfers/transfer_img_13.jpg, ,2,2025-12-01 11:41:31.494 -0300,2025-12-28 11:12:21.175 -0300,99999,created,migration_legacy,2025-12-01 14:41:31.672 -0300,2025-12-01 14:41:31.672 -0300,0,"",system_migration,2025-12-01 14:41:31.672 -0300,2025-12-01,0.00,0.00,,,0,0,0,"",0,0,1,3,1070,1,,0
322,CANIS FULL SPOT,transfers/transfer_img_32.jpg,Generado desde App,3,2025-12-01 12:49:09.648 -0300,2025-12-31 12:48:18.472 -0300,99999,created,migration_legacy,2025-12-01 15:49:11.482 -0300,2025-12-01 15:49:11.482 -0300,0,"",system_migration,2025-12-01 15:49:11.482 -0300,2025-12-01,0.00,0.00,,,0,0,0,"",0,0,1,3,1599,1,,0
323,DOMINAL MAX + TEA PIPETAS,transfers/transfer_img_15.jpg, ,2,2025-12-01 11:41:42.771 -0300,2025-12-28 11:12:50.441 -0300,99999,created,migration_legacy,2025-12-01 14:41:42.944 -0300,2025-12-01 14:41:42.944 -0300,0,"",system_migration,2025-12-01 14:41:42.944 -0300,2025-12-01,0.00,0.00,,,0,0,0,"",0,0,1,3,1070,1,,0
77,Pets Protector 90 + Auriculares Inalambricos,offers/scaled_WhatsApp_Image_2025-03-26_at_3.18.03_PM.jpeg,"LLevando 20 unidades surtidas de Pets Protector 90, lleváte Auriculares Bluetooth + 5 Nros Sorteo 0km.",1,2025-03-26 00:00:00.000 -0300,2025-05-28 23:59:00.000 -0300,995,vendor,distributor,2025-04-28 15:44:00.758 -0300,2025-05-05 10:14:31.820 -0300,10,distributor,"",2025-05-08 11:08:42.892 -0300,2025-03-26,0.00,0.00,,,20,99999999,1000,"",2,2,1,3,19,6,,12
84,NUEVO LANZAMIENTO: CIDAR (Display 21 unidades),offers/scaled_cidar-oferta-inthegra-y-dfv-_2_IGZSYgV.jpg,"",1,2025-05-16 00:00:00.000 -0300,2025-06-21 23:59:00.000 -0300,984,distributor,distributor,2025-05-22 10:36:46.588 -0300,2025-06-10 11:22:43.025 -0300,13,vendor,"",2025-06-19 13:59:34.800 -0300,2025-05-16,0.00,0.00,,,1,99999999,100,"",2,2,1,3,1070,4,,12
103,VASO ANTIVUELCO BAGO,offers/scaled_WhatsApp_Image_2025-09-17_at_11.55.06_1.jpeg,"Con la compra de 50 BAGOVAC RABIA + 40 unidades surtidas de CANIGEN/ FELIGEN, accedé a un VASO TERMICO ANTIVUELCO + GIFTCARD $15.000",1,2025-09-30 00:00:00.000 -0300,2025-11-17 23:59:00.000 -0300,87,distributor,distributor,2025-10-29 19:47:12.484 -0300,2025-10-29 19:50:10.987 -0300,23,vendor,"",2025-11-03 06:53:42.112 -0300,2025-09-15,0.00,0.00,,,20,99999999,1,"",2,2,1,3,945,4,,12
94,LANZAMIENTO BAGOGARD + BANDOLERA,offers/scaled_BAGOGARD_Violeta_ph8jDz9.jpg,Con la compra de 110 Ud. llevá una bandolera MONTAGNE de regalo!,1,2025-07-10 00:00:00.000 -0300,2025-08-18 23:59:00.000 -0300,20,distributor,supplier,2025-08-08 09:51:33.457 -0300,2025-08-08 16:21:32.329 -0300,9,vendor,"",2025-08-18 09:54:12.700 -0300,2025-07-10,0.00,0.00,,,110,99999999,100,"",2,2,1,3,945,9,,12
47,Colirios (Oftalday) + Taza Holliday,offers/scaled_holliday-tazas_900x675px.jpg,"A partir de 10 unidades surtidas de productos Oftalday, accede a un 60% de bonificación y obtené la Taza de Holliday.  Con 30 unidades surtidas llevate el juego completo de 4 tazas!  ",1,2024-11-04 00:00:00.000 -0300,2026-01-30 23:59:00.000 -0300,970,vendor,supplier,2025-03-26 12:00:33.360 -0300,2025-11-17 17:05:13.379 -0300,21,distributor,"",2025-11-26 11:13:35.031 -0300,2024-11-04,0.00,0.00,,,10,99999999,99999999,"",2,2,1,3,8,1,,12
324,OFTÁLMICA,transfers/transfer_img_33.jpg,Generado desde App,3,2025-12-01 12:50:52.022 -0300,2025-12-31 12:49:13.093 -0300,99999,created,migration_legacy,2025-12-01 15:50:53.824 -0300,2025-12-01 15:50:53.824 -0300,0,"",system_migration,2025-12-01 15:50:53.824 -0300,2025-12-01,0.00,0.00,,,0,0,0,"",0,0,1,3,1599,1,,0
325,TRANSFER REPEXXIN,transfers/transfer_img_16.jpg,Generado desde App,2,2025-12-01 11:41:47.488 -0300,2025-12-02 21:00:00.000 -0300,99999,created,migration_legacy,2025-12-01 14:41:47.660 -0300,2025-12-01 14:41:47.660 -0300,0,"",system_migration,2025-12-01 14:41:47.660 -0300,2025-12-01,0.00,0.00,,,0,0,0,"",0,0,1,3,1070,1,,0
326,TRANSFER TEA liq.,transfers/transfer_img_17.jpg,Generado desde App,2,2025-12-01 11:41:51.955 -0300,2025-12-02 21:00:00.000 -0300,99999,created,migration_legacy,2025-12-01 14:41:52.125 -0300,2025-12-01 14:41:52.125 -0300,0,"",system_migration,2025-12-01 14:41:52.125 -0300,2025-12-01,0.00,0.00,,,0,0,0,"",0,0,1,3,1070,1,,0
95,CANIGEN + FELIGEN + BAGOVAC + BANDOLERA ,offers/scaled_Artboard_2Publicidad-bago.jpg,Con la compra de 110 unidades de vacunas (Mínimo 30 unidades de CANIGEN y Mínimo 30 unidades de Feligen). Llevá una Bandolera Montagne de regalo!,1,2025-07-10 00:00:00.000 -0300,2025-09-19 23:59:00.000 -0300,19,distributor,supplier,2025-09-15 15:35:17.918 -0300,2025-09-15 14:53:48.264 -0300,19,supplier,"",2025-09-15 15:35:17.921 -0300,2025-07-10,0.00,0.00,,,110,99999999,100,"",2,2,1,3,945,9,,12
328,PROMO ASOMBROSA,transfers/transfer_img_11.jpg,Vencido,2,2025-12-01 06:43:44.063 -0300,2025-11-28 21:00:00.000 -0300,99999,created,migration_legacy,2025-12-01 09:43:44.865 -0300,2025-12-01 09:43:44.865 -0300,0,"",system_migration,2025-12-01 09:43:44.865 -0300,2025-12-01,0.00,0.00,,,0,0,0,"",0,0,1,3,1599,1,,0
329,PROMO ASOMBROSA,transfers/transfer_img_12.jpg,Vencido,2,2025-12-01 06:43:59.064 -0300,2025-11-28 21:00:00.000 -0300,99999,created,migration_legacy,2025-12-01 09:43:59.930 -0300,2025-12-01 09:43:59.930 -0300,0,"",system_migration,2025-12-01 09:43:59.930 -0300,2025-12-01,0.00,0.00,,,0,0,0,"",0,0,1,3,1599,1,,0
82,"30 Un. POWER GOLD + CÁMARA",offers/scaled_Brouwer-camara-gadnic-IV.jpg,"",1,2025-05-13 00:00:00.000 -0300,2025-10-06 23:59:00.000 -0300,999,distributor,distributor,2025-09-12 11:41:57.871 -0300,2025-09-30 12:12:25.515 -0300,25,vendor,"",2025-10-06 15:14:05.922 -0300,2025-05-13,0.00,0.00,,,0,99999999,10,"",2,2,1,3,9,4,,12
330,FELINE FULL SPOT,transfers/transfer_img_34.jpg,Generado desde App,3,2025-12-01 12:52:06.015 -0300,2025-12-31 12:50:55.995 -0300,99999,created,migration_legacy,2025-12-01 15:52:07.921 -0300,2025-12-01 15:52:07.921 -0300,0,"",system_migration,2025-12-01 15:52:07.921 -0300,2025-12-01,0.00,0.00,,,0,0,0,"",0,0,1,3,1599,1,,0
65,ECHTONIL + VASO TÉRMICO,offers/scaled_Artboard_2Publicidad-holliday.jpg,"LLevando 16 unidades accedé al Vaso Termico de Holliday, y seguí participando para nuestro sorteo del auto 0km a fin de año!.",1,2025-02-10 00:00:00.000 -0300,2025-09-26 23:59:00.000 -0300,993,distributor,distributor,2025-09-09 13:49:01.165 -0300,2025-09-09 15:51:55.785 -0300,25,vendor,"",2025-09-26 10:08:08.131 -0300,2025-02-10,0.00,0.00,,,16,99999999,99999999,"",2,2,1,3,8,1,,12
332,BASKEN,transfers/transfer_img_25.jpg,Generado desde App,3,2025-12-01 11:48:24.289 -0300,2025-12-31 11:45:29.078 -0300,99999,created,migration_legacy,2025-12-01 14:48:25.653 -0300,2025-12-01 14:48:25.653 -0300,0,"",system_migration,2025-12-01 14:48:25.653 -0300,2025-12-01,0.00,0.00,,,0,0,0,"",0,0,1,3,1070,1,,0
336,PROTECH UNIPACK Y PROTECH TRIPACK,transfers/transfer_img_19.jpg,Generado desde App,2,2025-12-01 12:36:13.130 -0300,2025-12-31 06:47:23.536 -0300,99999,created,migration_legacy,2025-12-01 15:36:13.626 -0300,2025-12-01 15:36:13.626 -0300,0,"",system_migration,2025-12-01 15:36:13.626 -0300,2025-12-01,0.00,0.00,,,0,0,0,"",0,0,1,3,1599,1,,0
337,FIPRO Y FIDER,transfers/transfer_img_18.jpg,Generado desde App,2,2025-12-01 12:36:21.954 -0300,2025-12-30 21:00:00.000 -0300,99999,created,migration_legacy,2025-12-01 15:36:22.446 -0300,2025-12-01 15:36:22.446 -0300,0,"",system_migration,2025-12-01 15:36:22.446 -0300,2025-12-01,0.00,0.00,,,0,0,0,"",0,0,1,3,1599,1,,0
338,FIPRO y PROTECH - EXCLUSIVA GATOS,transfers/transfer_img_35.jpg,Generado desde App,3,2025-12-01 12:53:52.543 -0300,2025-12-31 12:52:11.129 -0300,99999,created,migration_legacy,2025-12-01 15:53:54.422 -0300,2025-12-01 15:53:54.422 -0300,0,"",system_migration,2025-12-01 15:53:54.422 -0300,2025-12-01,0.00,0.00,,,0,0,0,"",0,0,1,3,1599,1,,0
348,CANIGEN MHA2PPI,transfers/transfer_img_40.jpg,Generado desde App,3,2025-12-02 11:10:32.598 -0300,2026-01-30 21:00:00.000 -0300,99999,created,migration_legacy,2025-12-02 14:10:33.856 -0300,2025-12-02 14:10:33.856 -0300,0,"",system_migration,2025-12-02 14:10:33.856 -0300,2025-12-02,0.00,0.00,,,0,0,0,"",0,0,1,3,945,1,,0
335,REPEXXIN,transfers/transfer_img_28.jpg, ,3,2025-12-12 12:51:23.488 -0300,2025-12-30 21:00:00.000 -0300,99999,created,migration_legacy,2025-12-01 15:35:23.302 -0300,2025-12-01 15:35:23.302 -0300,0,"",system_migration,2025-12-12 15:51:23.773 -0300,2025-12-01,0.00,0.00,,,0,0,0,"",0,0,1,3,1070,1,,0
334,SERENEX,transfers/transfer_img_27.jpg, ,3,2025-12-12 12:51:40.279 -0300,2025-12-30 21:00:00.000 -0300,99999,created,migration_legacy,2025-12-01 15:34:45.256 -0300,2025-12-01 15:34:45.256 -0300,0,"",system_migration,2025-12-12 15:51:40.396 -0300,2025-12-01,0.00,0.00,,,0,0,0,"",0,0,1,3,1070,1,,0
331,TEA 327,transfers/transfer_img_24.jpg, ,3,2025-12-12 12:51:48.301 -0300,2025-12-30 21:00:00.000 -0300,99999,created,migration_legacy,2025-12-01 14:44:20.426 -0300,2025-12-01 14:44:20.426 -0300,0,"",system_migration,2025-12-12 15:51:48.409 -0300,2025-12-01,0.00,0.00,,,0,0,0,"",0,0,1,3,1070,1,,0
104,PARLANTE JBL BAGO + GIFTCARD $15.000,offers/scaled_WhatsApp_Image_2025-09-17_at_11.39.21.jpeg,"Con la compra de 100 BAGOVAC RABIA + 40 surtidas de CANIGEN / FELIGEN + 60 PIPETAS BAGOGARD, accedé a un PARLANTE JBL + GIFTCARD $15.000 + 20 Nros para el SORTEO 0km de DFV.",1,2025-09-15 00:00:00.000 -0300,2025-11-17 23:59:00.000 -0300,99,distributor,distributor,2025-10-29 19:47:18.033 -0300,2025-10-29 19:47:46.707 -0300,18,vendor,"",2025-11-03 06:53:30.316 -0300,2025-09-15,0.00,0.00,,,20,99999999,10,"",2,2,1,3,945,4,,12
85,CIDAR (RELOJ SMARTWATCH + SET DE ASADO),offers/scaled_Artboard_2Publicidad-konig.jpg,En 21 unidades surtidas llevá 1 SET DE ASADO + 3 Nros Sorteo 0km. Y en 42 unidades 1 SET DE ASADO + un VINO CATENA ZAPATA + 6 Nros Sorteo 0km. Y en 100 unidades alcanzá un RELOJ SMARTWATCH SAMSUNG FIT 3 + SET ASADO + VINO CATENA ZAPATA + 16 Nros Sorteo,1,2025-06-25 00:00:00.000 -0300,2025-10-06 23:59:00.000 -0300,966,distributor,supplier,2025-09-30 09:53:11.685 -0300,2025-09-30 12:13:07.277 -0300,71,vendor,"",2025-10-01 15:50:32.518 -0300,2025-05-19,0.00,0.00,,,14,99999999,10,"",2,2,1,3,1070,10,,12
349,DICIEMBRE,transfers/transfer_img_41.jpg,Generado desde App,3,2025-12-02 11:23:06.875 -0300,2026-01-30 21:00:00.000 -0300,99999,created,migration_legacy,2025-12-02 14:23:08.667 -0300,2025-12-02 14:23:08.667 -0300,0,"",system_migration,2025-12-02 14:23:08.667 -0300,2025-12-02,0.00,0.00,,,0,0,0,"",0,0,1,3,945,1,,0
90,PETS PROTECTOR 90 + BOTELLA CONTIGO + CALOVENTOR,offers/scaled_Artboard_2Publicidad-ceva.jpg,Alcanzá por 10 unidades una BOTELLA CONTIGO de 560ml. En 20 unidades accedé a la BOTELLA + FERERRO ROCHER X8. Por 50 unidades llevá un CALOVENTOR + BOTELLA CONTIGO + FERRERO ROCHER X 8. Y seguí participando al sorteo del auto 0km!,1,2025-06-23 00:00:00.000 -0300,2025-11-03 23:59:00.000 -0300,12,distributor,distributor,2025-09-09 13:52:56.199 -0300,2025-09-30 12:16:52.761 -0300,38,vendor,"",2025-10-29 11:24:02.703 -0300,2025-06-23,0.00,0.00,,,10,99999999,1000,"",2,2,1,3,19,4,,12
350,NUEVO LANZAMIENTO MELOXIVET 2,transfers/transfer_img_20.jpg,Generado desde App,2,2025-12-03 08:02:43.066 -0300,2025-12-31 08:22:33.315 -0300,99999,created,migration_legacy,2025-12-03 11:02:43.385 -0300,2025-12-03 11:02:43.385 -0300,0,"",system_migration,2025-12-03 11:02:43.385 -0300,2025-12-03,0.00,0.00,,,0,0,0,"",0,0,1,3,18,1,,0
351,OMEGA,transfers/transfer_img_21.jpg,Generado desde App,2,2025-12-03 08:02:53.321 -0300,2025-12-31 08:23:12.964 -0300,99999,created,migration_legacy,2025-12-03 11:02:53.473 -0300,2025-12-03 11:02:53.473 -0300,0,"",system_migration,2025-12-03 11:02:53.473 -0300,2025-12-03,0.00,0.00,,,0,0,0,"",0,0,1,3,18,1,,0
352,SENIORLINE,transfers/transfer_img_22.jpg,Generado desde App,2,2025-12-03 08:02:59.414 -0300,2025-12-31 08:23:46.248 -0300,99999,created,migration_legacy,2025-12-03 11:02:59.563 -0300,2025-12-03 11:02:59.563 -0300,0,"",system_migration,2025-12-03 11:02:59.563 -0300,2025-12-03,0.00,0.00,,,0,0,0,"",0,0,1,3,18,1,,0
353,MELOXIVET,transfers/transfer_img_44.jpg,Generado desde App,3,2025-12-03 08:08:56.057 -0300,2026-01-02 08:08:01.735 -0300,99999,created,migration_legacy,2025-12-03 11:08:57.378 -0300,2025-12-03 11:08:57.378 -0300,0,"",system_migration,2025-12-03 11:08:57.378 -0300,2025-12-03,0.00,0.00,,,0,0,0,"",0,0,1,3,18,1,,0
89,POWER GOLD 12 SEMANAS + GIFT CARD $50.000,offers/scaled_Oferta_power_12_sem_.jpg,"10 U.→ Alcanzaá maximas bonificaciones + 1 Nro para el Sorteo.  24 unidades surtidas → $50.000 en Giftcard +  TERMO CONTIGO POWER + 2 Nros 0km.  50 unidades surtidas → 1 vino Trumpeter Malbec  + 2 Giftcards de $50.000 + 2 TERMOS CONTIGO POWER +5 Nros 0km",1,2025-10-06 00:00:00.000 -0300,2025-10-17 23:59:00.000 -0300,961,distributor,distributor,2025-10-06 15:12:40.598 -0300,2025-10-06 15:13:28.806 -0300,40,vendor,"",2025-10-16 14:45:50.414 -0300,2025-06-18,0.00,0.00,,,10,99999999,100,"",2,2,1,3,9,4,,12
354,OMEGA 80 Y 200G,transfers/transfer_img_45.jpg,Generado desde App,3,2025-12-03 08:14:32.177 -0300,2026-01-02 08:13:54.046 -0300,99999,created,migration_legacy,2025-12-03 11:14:41.604 -0300,2025-12-03 11:14:41.604 -0300,0,"",system_migration,2025-12-03 11:14:41.604 -0300,2025-12-03,0.00,0.00,,,0,0,0,"",0,0,1,3,18,1,,0
91,OL TRANS FLEX x 70 COMP + MANTA (Extra Suave -100cm x 150cm),offers/scaled_Oltransflex-x6.jpg,Con 6 unidades OL TRANS FLEX x 70 comp. obtené una MANTA (Extra Suave -100cm x 150cm).  Más 2 números para el sorteo del 0KM!,1,2025-06-26 00:00:00.000 -0300,2026-01-30 23:59:00.000 -0300,54,vendor,distributor,2025-11-03 09:45:21.926 -0300,2025-11-17 17:03:22.869 -0300,20,distributor,"",2025-12-16 09:04:38.652 -0300,2025-06-26,0.00,0.00,,,6,99999999,100,"",2,2,1,3,8,4,,12
63,Tónico Total - Complejo Vitamínico - Prednisol,offers/scaled_John-Martin-pridnisol-.jpg,A partir de 15u. surtidas alcanzá regalos y la máxima bonificación,1,2025-02-03 00:00:00.000 -0300,2026-01-30 23:59:00.000 -0300,51,vendor,distributor,2025-05-15 11:20:33.568 -0300,2025-11-17 17:04:35.354 -0300,19,distributor,"",2025-11-17 17:04:35.354 -0300,2025-01-30,0.00,0.00,,,15,99999999,100,"",2,2,1,3,18,5,,12
357,"72 HORAS! FELINE",transfers/transfer_img_48_81DemDF.jpg,Vencido,4,2025-12-10 15:01:05.199 -0300,2025-12-10 15:01:05.199 -0300,99999,created,migration_legacy,2025-12-03 11:41:41.517 -0300,2025-12-03 11:41:41.517 -0300,0,"",system_migration,2025-12-10 18:01:06.388 -0300,2025-12-03,0.00,0.00,,,0,0,0,"",0,0,1,3,1599,1,,0
356,"72 HORAS! LINEA OFTÁLMICA",transfers/transfer_img_47.jpg,Vencido,4,2025-12-10 15:01:16.116 -0300,2025-12-10 15:01:16.116 -0300,99999,created,migration_legacy,2025-12-03 11:38:24.041 -0300,2025-12-03 11:38:24.041 -0300,0,"",system_migration,2025-12-10 18:01:16.967 -0300,2025-12-03,0.00,0.00,,,0,0,0,"",0,0,1,3,1599,1,,0
355,"72 HRS! LINEA OFTÁLMICA y REGALO",transfers/transfer_img_49.jpg,Vencido,4,2025-12-10 15:01:24.500 -0300,2025-12-10 15:01:24.500 -0300,99999,created,migration_legacy,2025-12-03 11:41:23.162 -0300,2025-12-03 11:41:23.162 -0300,0,"",system_migration,2025-12-10 18:01:25.344 -0300,2025-12-03,0.00,0.00,,,0,0,0,"",0,0,1,3,1599,1,,0
92,OL TRANS FLEX x 21 COMP + MANTA (EXTRA SUAVE - 100cm x 150cm),offers/scaled_Oltransflex-x15.jpg,Con 15 unidades de OL TRANS FLEX x 21 COMP ganá una MANTA (EXTRA SUAVE - 100cm x 150cm) y llevá 2 Nros para participar del sorteo del 0KM!,1,2025-11-01 00:00:00.000 -0300,2026-01-30 23:59:00.000 -0300,70,vendor,distributor,2025-11-03 09:45:27.224 -0300,2025-11-17 17:02:04.257 -0300,22,distributor,"",2025-12-22 12:38:53.641 -0300,2025-06-26,0.00,0.00,,,15,99999999,100,"",2,2,1,3,8,4,,12
68,NUEVO PRODUCTO:  PREGABALIV ,offers/scaled_Artboard_2REPO-setert-de-viajeIII_1.jpg,Única PREGABALINA en comprimidos saborizados. Asiolítico - Analgésico perioperatorio - Tratamiento de dolor crónico - Terapia adyuvante para convulsiones . ,1,2025-02-19 00:00:00.000 -0300,2025-04-30 23:59:00.000 -0300,954,distributor,distributor,2025-09-09 13:55:29.123 -0300,2025-09-09 13:55:53.058 -0300,46,vendor,"",2025-09-26 12:52:09.150 -0300,2025-02-19,0.00,0.00,,,5,99999999,1000,"",2,2,1,3,18,5,,12
96,FELINE FULLSPOT + PARLANTE ,offers/scaled_Artboard_1Publicidad-labyes_S7vV4cV.jpg,Alcanzando 28 Un. llevá un PARLANTE LABYES + Vino Luigi Bosca + 1 NROS SORTEO 0KM. Y  en 45 unidades llevá un HUMIDIFADOR CON ESCENCIA + Vino CATENA ZAPATA MALBEC + 3 NROS SORTEO 0KM.,1,2025-07-14 00:00:00.000 -0300,2025-11-17 23:59:00.000 -0300,75,distributor,supplier,2025-09-09 13:46:39.102 -0300,2025-09-30 12:14:09.392 -0300,25,vendor,"",2025-11-03 06:53:08.423 -0300,2025-07-14,0.00,0.00,,,28,99999999,10,"",2,2,1,3,1599,13,,12
97,LABYDERM + RIÑONERA,offers/scaled_Artboard_4Publicidad-labyes.jpg,"Por 24 unidades accedé a una RIÑONERA DE LABYES ó a un KIT PERPIEL de cremas hidratantes (El último se entrega por promotor, contactar directamente)",1,2025-07-15 00:00:00.000 -0300,2025-11-17 23:59:00.000 -0300,1000,distributor,supplier,2025-09-09 13:46:15.891 -0300,2025-09-30 12:14:38.804 -0300,19,vendor,"",2025-11-03 06:53:17.768 -0300,2025-07-15,0.00,0.00,,,24,99999999,100,"",2,2,1,3,1599,13,,12
327,CIDAR,transfers/transfer_img_23.jpg, ,3,2025-12-12 12:51:54.000 -0300,2025-12-30 21:00:00.000 -0300,99999,created,migration_legacy,2025-12-01 14:43:14.775 -0300,2025-12-01 14:43:14.775 -0300,0,"",system_migration,2025-12-12 15:51:54.118 -0300,2025-12-01,0.00,0.00,,,0,0,0,"",0,0,1,3,1070,1,,0
88,POWER GOLD 1 MES + GIFT $50.000 + TERMO,offers/scaled_promo-brouwer.jpg,En 10 unidades llevá un Set Manicura. Alcanzá en 26 unidades una GIFT CARD  DE $15.000. Y en 40 unidades llevá una GIFT CARD DE $50.000 + TERMO CONTIGO POWER,1,2025-06-18 00:00:00.000 -0300,2025-10-17 23:59:00.000 -0300,9971,distributor,distributor,2025-10-07 10:45:14.171 -0300,2025-10-07 11:19:23.702 -0300,41,vendor,"",2025-10-16 14:45:08.828 -0300,2025-06-18,0.00,0.00,,,10,1000,100,"",2,2,1,3,9,4,,12
309,PROTECH- REGALOS EXLUSIVOS,transfers/transfer_img_30.jpg,Generado desde App,3,2025-12-01 12:39:25.390 -0300,2025-12-31 12:38:22.839 -0300,99999,created,migration_legacy,2025-12-01 15:39:27.212 -0300,2025-12-01 15:39:27.212 -0300,0,"",system_migration,2025-12-01 15:39:27.212 -0300,2025-12-01,0.00,0.00,,,0,0,0,"",0,0,1,3,1599,1,,0
310,TRANSFER CHOCOLATE!,transfers/transfer_img_2.jpg,Vencido / Desactivado,3,2025-12-12 12:56:50.668 -0300,2025-12-30 21:00:00.000 -0300,99999,created,migration_legacy,2025-11-27 12:18:41.519 -0300,2025-11-27 12:18:41.519 -0300,0,"",system_migration,2025-12-12 15:56:50.778 -0300,2025-11-27,0.00,0.00,,,0,0,0,"",0,0,1,3,1714,1,,0
312,TRANSFER Loción Desodorante Groomers EXPERT,transfers/transfer_img_4.jpg,Vencido / Desactivado,3,2025-12-12 12:57:27.144 -0300,2025-12-30 21:00:00.000 -0300,99999,created,migration_legacy,2025-11-27 12:23:58.336 -0300,2025-11-27 12:23:58.336 -0300,0,"",system_migration,2025-12-12 15:57:27.255 -0300,2025-11-27,0.00,0.00,,,0,0,0,"",0,0,1,3,1714,1,,0
311,TRANSFER DENTAL,transfers/transfer_img_3.jpg,Vencido / Desactivado,3,2025-12-12 12:58:08.386 -0300,2025-12-10 15:01:48.790 -0300,99999,created,migration_legacy,2025-11-27 12:21:04.998 -0300,2025-11-27 12:21:04.998 -0300,0,"",system_migration,2025-12-12 15:58:08.502 -0300,2025-11-27,0.00,0.00,,,0,0,0,"",0,0,1,3,1714,1,,0
339,TRANSFER PIPETAS + JBL!!,transfers/transfer_img_7.jpg,Generado desde App,2,2025-12-02 10:13:44.944 -0300,2025-12-02 21:00:00.000 -0300,99999,created,migration_legacy,2025-12-02 13:13:45.269 -0300,2025-12-02 13:13:45.269 -0300,0,"",system_migration,2025-12-02 13:13:45.269 -0300,2025-12-02,0.00,0.00,,,0,0,0,"",0,0,1,3,945,1,,0
340,FIPRO y FIDER- REGALOS EXLUSIVOS,transfers/transfer_img_29.jpg, ,3,2025-12-01 12:38:19.334 -0300,2025-12-31 12:37:59.303 -0300,99999,created,migration_legacy,2025-12-01 15:38:19.829 -0300,2025-12-01 15:38:19.829 -0300,0,"",system_migration,2025-12-01 15:38:19.829 -0300,2025-12-01,0.00,0.00,,,0,0,0,"",0,0,1,3,1599,1,,0
341,TRANSFER FARMA,transfers/transfer_img_8.jpg,Generado desde App,2,2025-12-02 10:13:48.958 -0300,2025-12-02 21:00:00.000 -0300,99999,created,migration_legacy,2025-12-02 13:13:49.107 -0300,2025-12-02 13:13:49.107 -0300,0,"",system_migration,2025-12-02 13:13:49.107 -0300,2025-12-02,0.00,0.00,,,0,0,0,"",0,0,1,3,945,1,,0
342,TRANSFER BIOLOGICOS,transfers/transfer_img_9.jpg,Generado desde App,2,2025-12-02 10:13:52.997 -0300,2025-12-02 21:00:00.000 -0300,99999,created,migration_legacy,2025-12-02 13:13:53.144 -0300,2025-12-02 13:13:53.144 -0300,0,"",system_migration,2025-12-02 13:13:53.144 -0300,2025-12-02,0.00,0.00,,,0,0,0,"",0,0,1,3,945,1,,0
343,TRANSFER EXHIBIDOR,transfers/transfer_img_10.jpg,Generado desde App,2,2025-12-02 10:13:56.334 -0300,2025-12-02 21:00:00.000 -0300,99999,created,migration_legacy,2025-12-02 13:13:56.479 -0300,2025-12-02 13:13:56.479 -0300,0,"",system_migration,2025-12-02 13:13:56.479 -0300,2025-12-02,0.00,0.00,,,0,0,0,"",0,0,1,3,945,1,,0
344,PANTOLIV,transfers/transfer_img_43.jpg, ,3,2025-12-03 08:06:20.748 -0300,2026-01-02 08:06:10.071 -0300,99999,created,migration_legacy,2025-12-03 11:06:20.897 -0300,2025-12-03 11:06:20.897 -0300,0,"",system_migration,2025-12-03 11:06:20.897 -0300,2025-12-03,0.00,0.00,,,0,0,0,"",0,0,1,3,18,1,,0
345,BAGOGARD + PARLANTE,transfers/transfer_img_39.jpg, ,3,2025-12-02 11:06:50.048 -0300,2026-01-01 11:06:29.111 -0300,99999,created,migration_legacy,2025-12-02 14:06:50.419 -0300,2025-12-02 14:06:50.419 -0300,0,"",system_migration,2025-12-02 14:06:50.419 -0300,2025-12-02,0.00,0.00,,,0,0,0,"",0,0,1,3,945,1,,0
346,BAGOGARD,transfers/transfer_img_36.jpg, ,3,2025-12-02 10:20:31.593 -0300,2026-01-01 10:20:16.030 -0300,99999,created,migration_legacy,2025-12-02 13:20:32.012 -0300,2025-12-02 13:20:32.012 -0300,0,"",system_migration,2025-12-02 13:20:32.012 -0300,2025-12-02,0.00,0.00,,,0,0,0,"",0,0,1,3,945,1,,0
347,FELIGEN C.R.P,transfers/transfer_img_37.jpg,Generado desde App,3,2025-12-02 10:21:18.264 -0300,2026-01-30 21:00:00.000 -0300,99999,created,migration_legacy,2025-12-02 13:21:45.733 -0300,2025-12-02 13:21:45.733 -0300,0,"",system_migration,2025-12-02 13:21:45.733 -0300,2025-12-02,0.00,0.00,,,0,0,0,"",0,0,1,3,945,1,,0
